域名,状态,过期日期,剩余天数,备注
00.uk,registered,24-Jun-2026,226,正常注册
01.uk,registered,09-May-2026,180,正常注册
02.uk,registered,10-Jun-2026,212,正常注册
03.uk,registered,26-May-2028,928,正常注册
04.uk,registered,04-Jul-2027,601,正常注册
05.uk,registered,31-May-2027,567,正常注册
06.uk,registered,31-May-2027,567,正常注册
07.uk,registered,10-Jun-2026,212,正常注册
08.uk,registered,31-May-2027,567,正常注册
09.uk,registered,26-May-2027,562,正常注册
0a.uk,registered,04-Oct-2027,693,正常注册
0b.uk,registered,14-Jun-2026,216,正常注册
0c.uk,registered,14-Jun-2026,216,正常注册
0d.uk,registered,14-Jun-2026,216,正常注册
0e.uk,registered,05-Jun-2026,207,正常注册
0f.uk,registered,14-Jun-2026,216,正常注册
0g.uk,registered,03-May-2026,174,正常注册
0h.uk,registered,05-Jun-2026,207,正常注册
0i.uk,registered,05-Jun-2026,207,正常注册
0j.uk,registered,14-Jun-2026,216,正常注册
0k.uk,registered,04-Oct-2027,693,正常注册
0l.uk,registered,14-Jun-2026,216,正常注册
0m.uk,registered,14-Jun-2026,216,正常注册
0n.uk,registered,04-Oct-2027,693,正常注册
0o.uk,registered,01-Jul-2026,233,正常注册
0p.uk,registered,14-Jun-2026,216,正常注册
0q.uk,registered,14-Jun-2026,216,正常注册
0r.uk,registered,14-Jun-2026,216,正常注册
0s.uk,registered,03-May-2026,174,正常注册
0t.uk,registered,14-Jun-2026,216,正常注册
0u.uk,registered,03-May-2026,174,正常注册
0v.uk,registered,14-Jun-2026,216,正常注册
0w.uk,registered,13-Oct-2030,1798,正常注册
0x.uk,registered,07-Oct-2026,331,正常注册
0y.uk,expiring_soon,09-Jan-2026,60,即将到期（60天）
0z.uk,suspended,02-Oct-2025,-39,已暂停，可能即将删除
10.uk,expiring_soon,04-Feb-2026,86,即将到期（86天）
11.uk,registered,24-Jun-2026,226,正常注册
12.uk,registered,24-Jun-2026,226,正常注册
13.uk,registered,24-Jun-2026,226,正常注册
14.uk,registered,24-Jun-2026,226,正常注册
15.uk,registered,24-Jun-2026,226,正常注册
16.uk,registered,24-Jun-2026,226,正常注册
17.uk,registered,24-Jun-2026,226,正常注册
18.uk,registered,24-Jun-2026,226,正常注册
19.uk,registered,01-Jul-2026,233,正常注册
1a.uk,registered,24-Jun-2026,226,正常注册
1b.uk,registered,24-Jun-2026,226,正常注册
1c.uk,registered,24-Jun-2026,226,正常注册
1d.uk,registered,24-Jun-2026,226,正常注册
1e.uk,registered,24-Jun-2026,226,正常注册
1f.uk,registered,24-Jun-2026,226,正常注册
1g.uk,registered,24-Jun-2026,226,正常注册
1h.uk,registered,24-Jun-2026,226,正常注册
1i.uk,registered,24-Jun-2026,226,正常注册
1j.uk,registered,24-Jun-2026,226,正常注册
1k.uk,registered,24-Jun-2026,226,正常注册
1l.uk,registered,24-Jun-2026,226,正常注册
1m.uk,registered,24-Jun-2026,226,正常注册
1n.uk,registered,24-Jun-2026,226,正常注册
1o.uk,registered,24-Jun-2026,226,正常注册
1p.uk,registered,24-Jun-2026,226,正常注册
1q.uk,registered,24-Jun-2026,226,正常注册
1r.uk,registered,24-Jun-2026,226,正常注册
1s.uk,registered,24-Jun-2026,226,正常注册
1t.uk,registered,24-Jun-2026,226,正常注册
1u.uk,registered,24-Jun-2026,226,正常注册
1v.uk,registered,24-Jun-2026,226,正常注册
1w.uk,registered,24-Jun-2026,226,正常注册
1x.uk,registered,24-Jun-2026,226,正常注册
1y.uk,registered,24-Jun-2026,226,正常注册
1z.uk,registered,24-Jun-2026,226,正常注册
20.uk,registered,30-Oct-2026,354,正常注册
21.uk,expiring_soon,12-Dec-2025,32,即将到期（32天）
22.uk,registered,03-Jun-2026,205,正常注册
23.uk,expiring_soon,02-Jan-2026,53,即将到期（53天）
24.uk,registered,10-Jun-2026,212,正常注册
25.uk,registered,03-Jun-2026,205,正常注册
26.uk,registered,14-Jun-2026,216,正常注册
27.uk,expiring_soon,30-Oct-2025,-11,即将到期（-11天）
28.uk,registered,14-Jun-2026,216,正常注册
29.uk,expiring_soon,30-Oct-2025,-11,即将到期（-11天）
2a.uk,registered,14-Aug-2027,642,正常注册
2b.uk,registered,10-Jun-2026,212,正常注册
2c.uk,registered,10-Jun-2026,212,正常注册
2d.uk,registered,23-Jul-2026,255,正常注册
2e.uk,registered,02-Feb-2028,814,正常注册
2f.uk,registered,01-Jul-2026,233,正常注册
2g.uk,registered,30-Oct-2026,354,正常注册
2h.uk,registered,30-Oct-2026,354,正常注册
2i.uk,registered,30-Oct-2026,354,正常注册
2j.uk,registered,30-Oct-2026,354,正常注册
2k.uk,expiring_soon,14-Nov-2025,4,即将到期（4天）
2l.uk,suspended,14-Sep-2025,-57,已暂停，可能即将删除
2m.uk,registered,23-Jul-2026,255,正常注册
2n.uk,expiring_soon,30-Oct-2025,-11,即将到期（-11天）
2o.uk,expiring_soon,18-Dec-2025,38,即将到期（38天）
2p.uk,registered,30-Oct-2026,354,正常注册
2q.uk,registered,30-Oct-2026,354,正常注册
2r.uk,registered,30-Oct-2026,354,正常注册
2s.uk,registered,30-Mar-2026,140,正常注册
2t.uk,registered,03-Aug-2026,266,正常注册
2u.uk,expiring_soon,14-Nov-2025,4,即将到期（4天）
2v.uk,registered,30-Oct-2027,719,正常注册
2w.uk,registered,30-Oct-2026,354,正常注册
2x.uk,registered,17-Jun-2026,219,正常注册
2y.uk,registered,30-Oct-2026,354,正常注册
2z.uk,registered,01-Jul-2027,598,正常注册
30.uk,expiring_soon,30-Oct-2025,-11,即将到期（-11天）
31.uk,expiring_soon,30-Oct-2025,-11,即将到期（-11天）
32.uk,registered,10-Jun-2026,212,正常注册
33.uk,registered,03-Jun-2026,205,正常注册
34.uk,registered,10-Jun-2026,212,正常注册
35.uk,expiring_soon,30-Oct-2025,-11,即将到期（-11天）
36.uk,expiring_soon,10-Dec-2025,30,即将到期（30天）
37.uk,registered,02-Nov-2026,357,正常注册
38.uk,expiring_soon,30-Oct-2025,-11,即将到期（-11天）
39.uk,expiring_soon,30-Oct-2025,-11,即将到期（-11天）
3a.uk,registered,14-Aug-2027,642,正常注册
3b.uk,registered,01-Jul-2026,233,正常注册
3c.uk,expiring_soon,17-Jan-2026,68,即将到期（68天）
3d.uk,registered,17-Feb-2026,99,正常注册
3e.uk,registered,28-Mar-2026,138,正常注册
3f.uk,registered,08-Jun-2026,210,正常注册
3g.uk,registered,20-Apr-2027,526,正常注册
3h.uk,registered,30-Oct-2026,354,正常注册
3i.uk,expiring_soon,17-Nov-2025,7,即将到期（7天）
3j.uk,registered,30-Oct-2026,354,正常注册
3k.uk,registered,29-Mar-2026,139,正常注册
3l.uk,registered,29-Mar-2026,139,正常注册
3m.uk,registered,10-Jun-2026,212,正常注册
3n.uk,registered,14-Sep-2029,1404,正常注册
3o.uk,suspended,14-Sep-2025,-57,已暂停，可能即将删除
3p.uk,expiring_soon,02-Feb-2026,84,即将到期（84天）
3q.uk,registered,11-Jul-2026,243,正常注册
3r.uk,registered,13-Jun-2026,215,正常注册
3s.uk,registered,29-Mar-2026,139,正常注册
3t.uk,registered,09-Apr-2026,150,正常注册
3u.uk,registered,14-Sep-2026,308,正常注册
3v.uk,registered,09-Jul-2026,241,正常注册
3w.uk,expiring_soon,19-Jan-2026,70,即将到期（70天）
3x.uk,registered,04-Oct-2026,328,正常注册
3y.uk,suspended,14-Sep-2025,-57,已暂停，可能即将删除
3z.uk,registered,24-Jun-2027,591,正常注册
40.uk,expiring_soon,30-Oct-2025,-11,即将到期（-11天）
41.uk,registered,12-Jun-2026,214,正常注册
42.uk,registered,24-Mar-2027,499,正常注册
43.uk,expiring_soon,30-Oct-2025,-11,即将到期（-11天）
44.uk,registered,10-Sep-2026,304,正常注册
45.uk,registered,30-Oct-2026,354,正常注册
46.uk,expiring_soon,30-Oct-2025,-11,即将到期（-11天）
47.uk,expiring_soon,30-Oct-2025,-11,即将到期（-11天）
48.uk,expiring_soon,30-Oct-2025,-11,即将到期（-11天）
49.uk,registered,03-Jun-2026,205,正常注册
4a.uk,registered,14-Aug-2027,642,正常注册
4b.uk,registered,30-Oct-2026,354,正常注册
4c.uk,registered,04-Oct-2026,328,正常注册
4d.uk,registered,05-Jun-2026,207,正常注册
4e.uk,registered,01-Jul-2026,233,正常注册
4f.uk,registered,30-Oct-2026,354,正常注册
4g.uk,registered,20-Apr-2027,526,正常注册
4h.uk,registered,30-Oct-2026,354,正常注册
4i.uk,registered,10-Sep-2029,1400,正常注册
4j.uk,registered,30-Oct-2026,354,正常注册
4k.uk,registered,30-Mar-2026,140,正常注册
4l.uk,registered,30-Oct-2026,354,正常注册
4m.uk,registered,14-Dec-2027,764,正常注册
4n.uk,registered,14-Sep-2026,308,正常注册
4o.uk,registered,17-Sep-2026,311,正常注册
4p.uk,suspended,14-Sep-2025,-57,已暂停，可能即将删除
4q.uk,expiring_soon,17-Jan-2026,68,即将到期（68天）
4r.uk,registered,26-Sep-2026,320,正常注册
4s.uk,registered,04-Aug-2030,1728,正常注册
4t.uk,registered,30-Oct-2026,354,正常注册
4u.uk,registered,30-Aug-2026,293,正常注册
4v.uk,suspended,14-Sep-2025,-57,已暂停，可能即将删除
4w.uk,expiring_soon,16-Jan-2026,67,即将到期（67天）
4x.uk,expiring_soon,04-Jan-2026,55,即将到期（55天）
4y.uk,suspended,14-Sep-2025,-57,已暂停，可能即将删除
4z.uk,registered,01-Jul-2026,233,正常注册
50.uk,expiring_soon,30-Oct-2025,-11,即将到期（-11天）
51.uk,expiring_soon,30-Oct-2025,-11,即将到期（-11天）
52.uk,expiring_soon,30-Oct-2025,-11,即将到期（-11天）
53.uk,expiring_soon,02-Feb-2026,84,即将到期（84天）
54.uk,expiring_soon,30-Oct-2025,-11,即将到期（-11天）
55.uk,registered,26-May-2027,562,正常注册
56.uk,expiring_soon,30-Oct-2025,-11,即将到期（-11天）
57.uk,registered,30-Oct-2026,354,正常注册
58.uk,expiring_soon,30-Oct-2025,-11,即将到期（-11天）
59.uk,expiring_soon,30-Oct-2025,-11,即将到期（-11天）
5a.uk,registered,30-Oct-2026,354,正常注册
5b.uk,registered,30-Oct-2026,354,正常注册
5c.uk,registered,30-Oct-2026,354,正常注册
5d.uk,registered,01-Jul-2026,233,正常注册
5e.uk,expiring_soon,18-Jan-2026,69,即将到期（69天）
5f.uk,registered,30-Oct-2026,354,正常注册
5g.uk,registered,20-Apr-2027,526,正常注册
5h.uk,registered,30-Oct-2026,354,正常注册
5i.uk,registered,21-Mar-2026,131,正常注册
5j.uk,registered,30-Oct-2026,354,正常注册
5k.uk,registered,30-Oct-2029,1450,正常注册
5l.uk,registered,14-Sep-2029,1404,正常注册
5m.uk,registered,25-Oct-2027,714,正常注册
5n.uk,registered,14-Sep-2029,1404,正常注册
5o.uk,registered,14-Sep-2029,1404,正常注册
5p.uk,registered,24-Jun-2027,591,正常注册
5q.uk,suspended,14-Sep-2025,-57,已暂停，可能即将删除
5r.uk,registered,30-Oct-2026,354,正常注册
5s.uk,registered,30-Oct-2026,354,正常注册
5t.uk,registered,01-Jul-2034,3155,正常注册
5u.uk,suspended,14-Sep-2025,-57,已暂停，可能即将删除
5v.uk,suspended,14-Sep-2025,-57,已暂停，可能即将删除
5w.uk,suspended,14-Sep-2025,-57,已暂停，可能即将删除
5x.uk,registered,30-Oct-2026,354,正常注册
5y.uk,registered,14-Sep-2026,308,正常注册
5z.uk,registered,01-Jul-2026,233,正常注册
60.uk,expiring_soon,30-Oct-2025,-11,即将到期（-11天）
61.uk,expiring_soon,30-Oct-2025,-11,即将到期（-11天）
62.uk,expiring_soon,30-Oct-2025,-11,即将到期（-11天）
63.uk,expiring_soon,30-Oct-2025,-11,即将到期（-11天）
64.uk,expiring_soon,30-Oct-2025,-11,即将到期（-11天）
65.uk,registered,12-Mar-2027,487,正常注册
66.uk,registered,26-May-2027,562,正常注册
67.uk,expiring_soon,30-Oct-2025,-11,即将到期（-11天）
68.uk,expiring_soon,30-Oct-2025,-11,即将到期（-11天）
69.uk,expiring_soon,30-Jan-2026,81,即将到期（81天）
6a.uk,registered,01-Jul-2027,598,正常注册
6b.uk,registered,30-Oct-2026,354,正常注册
6c.uk,registered,07-Oct-2026,331,正常注册
6d.uk,registered,30-Oct-2029,1450,正常注册
6e.uk,registered,30-Oct-2026,354,正常注册
6f.uk,registered,30-Oct-2026,354,正常注册
6g.uk,registered,26-Jun-2026,228,正常注册
6h.uk,registered,30-Oct-2026,354,正常注册
6i.uk,registered,30-Oct-2026,354,正常注册
6j.uk,registered,30-Oct-2026,354,正常注册
6k.uk,registered,30-Oct-2026,354,正常注册
6l.uk,registered,14-Sep-2029,1404,正常注册
6m.uk,registered,30-Oct-2026,354,正常注册
6n.uk,suspended,14-Sep-2025,-57,已暂停，可能即将删除
6o.uk,suspended,14-Sep-2025,-57,已暂停，可能即将删除
6p.uk,registered,14-Sep-2026,308,正常注册
6q.uk,suspended,14-Sep-2025,-57,已暂停，可能即将删除
6r.uk,suspended,14-Sep-2025,-57,已暂停，可能即将删除
6s.uk,registered,05-Jul-2026,237,正常注册
6t.uk,registered,25-Jun-2027,592,正常注册
6u.uk,registered,14-Sep-2029,1404,正常注册
6v.uk,suspended,14-Sep-2025,-57,已暂停，可能即将删除
6w.uk,suspended,14-Sep-2025,-57,已暂停，可能即将删除
6x.uk,registered,27-Jul-2026,259,正常注册
6y.uk,suspended,14-Sep-2025,-57,已暂停，可能即将删除
6z.uk,registered,01-Jul-2026,233,正常注册
70.uk,expiring_soon,30-Oct-2025,-11,即将到期（-11天）
71.uk,expiring_soon,30-Oct-2025,-11,即将到期（-11天）
72.uk,expiring_soon,30-Oct-2025,-11,即将到期（-11天）
73.uk,registered,24-Apr-2026,165,正常注册
74.uk,registered,01-Jul-2026,233,正常注册
75.uk,expiring_soon,30-Oct-2025,-11,即将到期（-11天）
76.uk,expiring_soon,30-Oct-2025,-11,即将到期（-11天）
77.uk,registered,26-May-2027,562,正常注册
78.uk,expiring_soon,30-Oct-2025,-11,即将到期（-11天）
79.uk,expiring_soon,30-Oct-2025,-11,即将到期（-11天）
7a.uk,registered,22-Sep-2027,681,正常注册
7b.uk,registered,30-Oct-2026,354,正常注册
7c.uk,registered,25-Oct-2027,714,正常注册
7d.uk,registered,30-Oct-2029,1450,正常注册
7e.uk,registered,01-Jul-2027,598,正常注册
7f.uk,registered,02-Feb-2027,449,正常注册
7g.uk,registered,30-Oct-2026,354,正常注册
7h.uk,registered,30-Oct-2026,354,正常注册
7i.uk,registered,30-Oct-2026,354,正常注册
7j.uk,registered,30-Oct-2026,354,正常注册
7k.uk,registered,30-Oct-2026,354,正常注册
7l.uk,registered,14-Sep-2029,1404,正常注册
7m.uk,suspended,14-Sep-2025,-57,已暂停，可能即将删除
7n.uk,registered,25-Jun-2027,592,正常注册
7o.uk,registered,14-Sep-2029,1404,正常注册
7p.uk,registered,14-Sep-2029,1404,正常注册
7q.uk,suspended,14-Sep-2025,-57,已暂停，可能即将删除
7r.uk,registered,14-Sep-2029,1404,正常注册
7s.uk,registered,01-Jul-2026,233,正常注册
7t.uk,registered,03-Oct-2026,327,正常注册
7u.uk,registered,14-Sep-2027,673,正常注册
7v.uk,suspended,14-Sep-2025,-57,已暂停，可能即将删除
7w.uk,registered,14-Sep-2027,673,正常注册
7x.uk,registered,30-Oct-2026,354,正常注册
7y.uk,registered,01-Jul-2026,233,正常注册
7z.uk,registered,01-Jul-2027,598,正常注册
80.uk,expiring_soon,30-Oct-2025,-11,即将到期（-11天）
81.uk,expiring_soon,30-Oct-2025,-11,即将到期（-11天）
82.uk,expiring_soon,30-Oct-2025,-11,即将到期（-11天）
83.uk,expiring_soon,30-Oct-2025,-11,即将到期（-11天）
84.uk,expiring_soon,30-Oct-2025,-11,即将到期（-11天）
85.uk,expiring_soon,30-Oct-2025,-11,即将到期（-11天）
86.uk,registered,01-Jul-2026,233,正常注册
87.uk,expiring_soon,30-Oct-2025,-11,即将到期（-11天）
88.uk,registered,23-Jul-2026,255,正常注册
89.uk,expiring_soon,30-Oct-2025,-11,即将到期（-11天）
8a.uk,expiring_soon,30-Oct-2025,-11,即将到期（-11天）
8b.uk,registered,30-Oct-2026,354,正常注册
8c.uk,registered,30-Oct-2026,354,正常注册
8d.uk,registered,30-Oct-2026,354,正常注册
8e.uk,registered,30-Oct-2026,354,正常注册
8f.uk,registered,30-Oct-2026,354,正常注册
8g.uk,expiring_soon,30-Jan-2026,81,即将到期（81天）
8h.uk,suspended,14-Sep-2025,-57,已暂停，可能即将删除
8i.uk,registered,15-Aug-2026,278,正常注册
8j.uk,registered,30-Oct-2026,354,正常注册
8k.uk,expiring_soon,30-Oct-2025,-11,即将到期（-11天）
8l.uk,registered,14-Sep-2029,1404,正常注册
8m.uk,registered,01-Jul-2026,233,正常注册
8n.uk,suspended,14-Sep-2025,-57,已暂停，可能即将删除
8o.uk,registered,14-Sep-2029,1404,正常注册
8p.uk,suspended,14-Sep-2025,-57,已暂停，可能即将删除
8q.uk,suspended,14-Sep-2025,-57,已暂停，可能即将删除
8r.uk,registered,14-Sep-2029,1404,正常注册
8s.uk,registered,14-Sep-2029,1404,正常注册
8t.uk,registered,10-Jun-2026,212,正常注册
8u.uk,registered,14-Sep-2027,673,正常注册
8v.uk,registered,14-Sep-2026,308,正常注册
8w.uk,registered,01-Jul-2026,233,正常注册
8x.uk,registered,30-Oct-2026,354,正常注册
8y.uk,suspended,14-Sep-2025,-57,已暂停，可能即将删除
8z.uk,registered,01-Jul-2026,233,正常注册
90.uk,registered,27-Jun-2026,229,正常注册
91.uk,registered,04-Jul-2026,236,正常注册
92.uk,expiring_soon,30-Oct-2025,-11,即将到期（-11天）
93.uk,expiring_soon,30-Oct-2025,-11,即将到期（-11天）
94.uk,registered,04-Jul-2026,236,正常注册
95.uk,expiring_soon,30-Oct-2025,-11,即将到期（-11天）
96.uk,expiring_soon,30-Oct-2025,-11,即将到期（-11天）
97.uk,expiring_soon,30-Oct-2025,-11,即将到期（-11天）
98.uk,registered,28-Oct-2026,352,正常注册
99.uk,registered,05-Nov-2027,725,正常注册
9a.uk,registered,11-Feb-2027,458,正常注册
9b.uk,registered,30-Oct-2026,354,正常注册
9c.uk,registered,30-Oct-2026,354,正常注册
9d.uk,registered,30-Oct-2026,354,正常注册
9e.uk,registered,30-Oct-2026,354,正常注册
9f.uk,registered,30-Oct-2026,354,正常注册
9g.uk,expiring_soon,30-Oct-2025,-11,即将到期（-11天）
9h.uk,registered,16-May-2026,187,正常注册
9i.uk,registered,30-Oct-2026,354,正常注册
9j.uk,registered,30-Oct-2026,354,正常注册
9k.uk,registered,30-Oct-2026,354,正常注册
9l.uk,suspended,14-Sep-2025,-57,已暂停，可能即将删除
9m.uk,registered,14-Sep-2026,308,正常注册
9n.uk,registered,14-Sep-2029,1404,正常注册
9o.uk,expiring_soon,28-Nov-2025,18,即将到期（18天）
9p.uk,registered,14-Sep-2026,308,正常注册
9q.uk,suspended,14-Sep-2025,-57,已暂停，可能即将删除
9r.uk,suspended,14-Sep-2025,-57,已暂停，可能即将删除
9s.uk,registered,14-Sep-2029,1404,正常注册
9t.uk,registered,10-Feb-2027,457,正常注册
9u.uk,registered,14-Sep-2029,1404,正常注册
9v.uk,expiring_soon,28-Nov-2025,18,即将到期（18天）
9w.uk,suspended,14-Sep-2025,-57,已暂停，可能即将删除
9x.uk,registered,11-Dec-2026,396,正常注册
9y.uk,registered,14-Sep-2027,673,正常注册
9z.uk,registered,01-Jul-2026,233,正常注册
a0.uk,registered,17-Oct-2026,341,正常注册
a1.uk,registered,28-Mar-2026,138,正常注册
a2.uk,registered,14-Aug-2027,642,正常注册
a3.uk,registered,14-Aug-2027,642,正常注册
a4.uk,registered,14-Aug-2027,642,正常注册
a5.uk,registered,14-Aug-2027,642,正常注册
a6.uk,registered,14-Aug-2027,642,正常注册
a7.uk,registered,14-Aug-2027,642,正常注册
a8.uk,registered,24-Jun-2027,591,正常注册
a9.uk,registered,01-Aug-2026,264,正常注册
aa.uk,registered,26-Jun-2026,228,正常注册
ab.uk,registered,11-Jun-2026,213,正常注册
ac.uk,registered,,,状态未知但已注册
ad.uk,registered,20-Jun-2027,587,正常注册
ae.uk,registered,19-Jun-2026,221,正常注册
af.uk,registered,03-Jul-2026,235,正常注册
ag.uk,registered,16-Jun-2026,218,正常注册
ah.uk,registered,19-Aug-2026,282,正常注册
ai.uk,registered,11-Jun-2026,213,正常注册
aj.uk,registered,08-Jul-2026,240,正常注册
ak.uk,registered,08-Jul-2026,240,正常注册
al.uk,registered,18-Aug-2026,281,正常注册
am.uk,registered,21-Apr-2026,162,正常注册
an.uk,registered,01-May-2029,1268,正常注册
ao.uk,registered,19-Jun-2026,221,正常注册
ap.uk,registered,08-Jul-2026,240,正常注册
aq.uk,registered,09-Jul-2026,241,正常注册
ar.uk,registered,18-Aug-2031,2107,正常注册
as.uk,registered,08-Jul-2026,240,正常注册
at.uk,registered,10-Jun-2026,212,正常注册
au.uk,registered,05-Aug-2030,1729,正常注册
av.uk,registered,24-Sep-2027,683,正常注册
aw.uk,registered,10-Jun-2026,212,正常注册
ax.uk,registered,10-Jun-2032,2404,正常注册
ay.uk,registered,29-Nov-2031,2210,正常注册
az.uk,registered,11-Jun-2026,213,正常注册
b0.uk,registered,03-May-2026,174,正常注册
b1.uk,registered,30-Jun-2026,232,正常注册
b2.uk,registered,01-Nov-2028,1087,正常注册
b3.uk,registered,31-Jul-2027,628,正常注册
b4.uk,expiring_soon,11-Dec-2025,31,即将到期（31天）
b5.uk,expiring_soon,26-Jan-2026,77,即将到期（77天）
b6.uk,expiring_soon,26-Jan-2026,77,即将到期（77天）
b7.uk,expiring_soon,26-Jan-2026,77,即将到期（77天）
b8.uk,registered,17-Oct-2026,341,正常注册
b9.uk,expiring_soon,26-Jan-2026,77,即将到期（77天）
ba.uk,registered,20-Jun-2026,222,正常注册
bb.uk,registered,05-Apr-2035,3433,正常注册
bc.uk,registered,21-Nov-2033,2933,正常注册
bd.uk,registered,12-Jun-2034,3136,正常注册
be.uk,registered,11-Jun-2026,213,正常注册
bf.uk,registered,03-Sep-2026,297,正常注册
bg.uk,registered,27-Mar-2026,137,正常注册
bh.uk,registered,08-Jul-2026,240,正常注册
bi.uk,registered,08-Jul-2026,240,正常注册
bj.uk,registered,14-Mar-2026,124,正常注册
bk.uk,registered,19-Jun-2027,586,正常注册
bl.uk,expiring_soon,07-Nov-2025,-3,即将到期（-3天）
bm.uk,registered,10-Jun-2032,2404,正常注册
bn.uk,registered,25-Apr-2027,531,正常注册
bo.uk,registered,02-Nov-2026,357,正常注册
bp.uk,registered,10-Jun-2026,212,正常注册
bq.uk,registered,12-Nov-2034,3289,正常注册
br.uk,registered,31-Jul-2026,263,正常注册
bs.uk,registered,26-Nov-2028,1112,正常注册
bt.uk,registered,04-Jul-2026,236,正常注册
bu.uk,expiring_soon,30-Oct-2025,-11,即将到期（-11天）
bv.uk,registered,10-Jun-2032,2404,正常注册
bw.uk,registered,27-Mar-2027,502,正常注册
bx.uk,registered,10-Jun-2032,2404,正常注册
by.uk,registered,03-Sep-2026,297,正常注册
bz.uk,registered,29-May-2027,565,正常注册
c0.uk,registered,27-Jun-2026,229,正常注册
c1.uk,registered,24-Jun-2026,226,正常注册
c2.uk,registered,26-Sep-2026,320,正常注册
c3.uk,registered,24-Oct-2026,348,正常注册
c4.uk,registered,19-Jun-2026,221,正常注册
c5.uk,registered,19-Jun-2026,221,正常注册
c6.uk,expiring_soon,30-Oct-2025,-11,即将到期（-11天）
c7.uk,registered,02-Jul-2026,234,正常注册
c8.uk,registered,31-Mar-2026,141,正常注册
c9.uk,registered,19-Jun-2026,221,正常注册
ca.uk,registered,05-Aug-2026,268,正常注册
cb.uk,registered,10-Jun-2027,577,正常注册
cc.uk,registered,17-Feb-2026,99,正常注册
cd.uk,registered,04-Jan-2031,1881,正常注册
ce.uk,registered,02-Jul-2035,3521,正常注册
cf.uk,registered,10-Jun-2032,2404,正常注册
cg.uk,registered,08-Jul-2026,240,正常注册
ch.uk,registered,08-Jul-2026,240,正常注册
ci.uk,registered,10-Jun-2032,2404,正常注册
cj.uk,registered,10-Jun-2032,2404,正常注册
ck.uk,registered,10-Jun-2026,212,正常注册
cl.uk,registered,10-Jul-2026,242,正常注册
cm.uk,registered,20-Oct-2026,344,正常注册
cn.uk,registered,17-Aug-2026,280,正常注册
co.uk,registered,,,状态未知但已注册
cp.uk,registered,23-Jul-2026,255,正常注册
cq.uk,registered,10-Jun-2032,2404,正常注册
cr.uk,registered,05-Aug-2026,268,正常注册
cs.uk,registered,10-Jun-2032,2404,正常注册
ct.uk,registered,10-Jun-2026,212,正常注册
cu.uk,registered,27-Jul-2026,259,正常注册
cv.uk,registered,12-Jun-2026,214,正常注册
cw.uk,registered,08-Jul-2026,240,正常注册
cx.uk,registered,28-Aug-2035,3578,正常注册
cy.uk,registered,10-Jun-2032,2404,正常注册
cz.uk,registered,10-Jun-2032,2404,正常注册
d0.uk,registered,03-May-2026,174,正常注册
d1.uk,registered,24-Jun-2026,226,正常注册
d2.uk,registered,10-Feb-2027,457,正常注册
d3.uk,registered,13-Jun-2027,580,正常注册
d4.uk,registered,30-Oct-2026,354,正常注册
d5.uk,registered,30-Oct-2027,719,正常注册
d6.uk,registered,30-Oct-2026,354,正常注册
d7.uk,registered,30-Oct-2026,354,正常注册
d8.uk,registered,01-Dec-2026,386,正常注册
d9.uk,registered,30-Oct-2026,354,正常注册
da.uk,registered,08-Jul-2026,240,正常注册
db.uk,registered,11-Jun-2026,213,正常注册
dc.uk,registered,08-Jul-2026,240,正常注册
dd.uk,registered,25-Jun-2026,227,正常注册
de.uk,registered,31-Jul-2026,263,正常注册
df.uk,registered,08-Jul-2026,240,正常注册
dg.uk,registered,10-Jun-2030,1673,正常注册
dh.uk,registered,08-Jul-2026,240,正常注册
di.uk,registered,11-Jun-2026,213,正常注册
dj.uk,registered,28-May-2033,2756,正常注册
dk.uk,registered,25-Jun-2026,227,正常注册
dl.uk,registered,25-Jun-2026,227,正常注册
dm.uk,registered,03-Jun-2026,205,正常注册
dn.uk,registered,10-Jun-2032,2404,正常注册
do.uk,registered,07-Sep-2026,301,正常注册
dp.uk,registered,02-May-2026,173,正常注册
dq.uk,registered,10-Jun-2032,2404,正常注册
dr.uk,registered,10-Jun-2032,2404,正常注册
ds.uk,suspended,03-Sep-2025,-68,已暂停，可能即将删除
dt.uk,registered,10-Jun-2032,2404,正常注册
du.uk,registered,10-Jun-2032,2404,正常注册
dv.uk,registered,19-Aug-2026,282,正常注册
dw.uk,registered,08-Jul-2026,240,正常注册
dx.uk,registered,28-Nov-2034,3305,正常注册
dy.uk,registered,10-Jun-2032,2404,正常注册
dz.uk,registered,10-Jun-2032,2404,正常注册
e0.uk,registered,03-May-2026,174,正常注册
e1.uk,registered,24-Jun-2026,226,正常注册
e2.uk,registered,11-Oct-2026,335,正常注册
e3.uk,registered,10-Sep-2026,304,正常注册
e4.uk,registered,18-Jun-2026,220,正常注册
e5.uk,expiring_soon,30-Oct-2025,-11,即将到期（-11天）
e6.uk,expiring_soon,20-Nov-2025,10,即将到期（10天）
e7.uk,registered,30-Oct-2027,719,正常注册
e8.uk,expiring_soon,30-Oct-2025,-11,即将到期（-11天）
e9.uk,registered,05-Oct-2027,694,正常注册
ea.uk,registered,10-Jul-2026,242,正常注册
eb.uk,registered,17-Jul-2026,249,正常注册
ec.uk,registered,19-Sep-2026,313,正常注册
ed.uk,registered,10-Jun-2027,577,正常注册
ee.uk,registered,20-Jun-2026,222,正常注册
ef.uk,registered,10-Jun-2026,212,正常注册
eg.uk,registered,10-Jun-2027,577,正常注册
eh.uk,registered,08-Jul-2026,240,正常注册
ei.uk,registered,11-Jun-2035,3500,正常注册
ej.uk,registered,29-Sep-2026,323,正常注册
ek.uk,registered,12-Jun-2026,214,正常注册
el.uk,registered,10-Jun-2032,2404,正常注册
em.uk,registered,10-Jun-2032,2404,正常注册
en.uk,registered,10-Jun-2032,2404,正常注册
eo.uk,registered,10-Jun-2032,2404,正常注册
ep.uk,registered,23-Jun-2026,225,正常注册
eq.uk,registered,24-Jul-2026,256,正常注册
er.uk,registered,31-Jul-2026,263,正常注册
es.uk,registered,30-Aug-2026,293,正常注册
et.uk,registered,02-Jul-2026,234,正常注册
eu.uk,registered,10-Jun-2032,2404,正常注册
ev.uk,registered,30-Sep-2027,689,正常注册
ew.uk,registered,02-Jul-2030,1695,正常注册
ex.uk,registered,15-Jun-2026,217,正常注册
ey.uk,registered,12-Jun-2026,214,正常注册
ez.uk,registered,03-Sep-2026,297,正常注册
f0.uk,registered,03-May-2026,174,正常注册
f1.uk,registered,02-Jul-2026,234,正常注册
f2.uk,expiring_soon,22-Jan-2026,73,即将到期（73天）
f3.uk,expiring_soon,28-Jan-2026,79,即将到期（79天）
f4.uk,registered,30-Mar-2026,140,正常注册
f5.uk,registered,30-Oct-2026,354,正常注册
f6.uk,expiring_soon,02-Feb-2026,84,即将到期（84天）
f7.uk,registered,02-Feb-2027,449,正常注册
f8.uk,registered,02-Jul-2026,234,正常注册
f9.uk,registered,27-Sep-2026,321,正常注册
fa.uk,registered,02-Jul-2030,1695,正常注册
fb.uk,registered,25-Nov-2026,380,正常注册
fc.uk,registered,10-Jun-2026,212,正常注册
fd.uk,registered,21-Jul-2026,253,正常注册
fe.uk,registered,10-Jun-2032,2404,正常注册
ff.uk,registered,02-Jul-2026,234,正常注册
fg.uk,registered,10-Jun-2032,2404,正常注册
fh.uk,registered,27-Sep-2026,321,正常注册
fi.uk,suspended,25-Sep-2025,-46,已暂停，可能即将删除
fj.uk,registered,29-Sep-2026,323,正常注册
fk.uk,registered,22-May-2027,558,正常注册
fl.uk,registered,11-Jun-2026,213,正常注册
fm.uk,registered,05-Apr-2026,146,正常注册
fn.uk,registered,02-Jul-2026,234,正常注册
fo.uk,registered,16-Oct-2026,340,正常注册
fp.uk,registered,10-Jun-2032,2404,正常注册
fq.uk,registered,10-Jun-2032,2404,正常注册
fr.uk,registered,17-Aug-2026,280,正常注册
fs.uk,registered,11-Jun-2027,578,正常注册
ft.uk,registered,19-Jun-2026,221,正常注册
fu.uk,registered,31-Oct-2026,355,正常注册
fv.uk,registered,10-Jun-2032,2404,正常注册
fw.uk,registered,10-Jun-2032,2404,正常注册
fx.uk,registered,16-Feb-2026,98,正常注册
fy.uk,registered,10-Jun-2026,212,正常注册
fz.uk,registered,10-Jun-2032,2404,正常注册
g0.uk,registered,03-Jul-2026,235,正常注册
g1.uk,registered,27-Jun-2026,229,正常注册
g2.uk,registered,30-Mar-2026,140,正常注册
g3.uk,registered,19-Nov-2026,374,正常注册
g4.uk,registered,03-Jul-2026,235,正常注册
g5.uk,expiring_soon,30-Oct-2025,-11,即将到期（-11天）
g6.uk,registered,30-Oct-2027,719,正常注册
g7.uk,expiring_soon,23-Jan-2026,74,即将到期（74天）
g8.uk,registered,30-Oct-2026,354,正常注册
g9.uk,expiring_soon,30-Oct-2025,-11,即将到期（-11天）
ga.uk,registered,29-Mar-2026,139,正常注册
gb.uk,registered,24-Jun-2026,226,正常注册
gc.uk,registered,08-Jul-2026,240,正常注册
gd.uk,registered,03-Jul-2030,1696,正常注册
ge.uk,registered,12-Jun-2026,214,正常注册
gf.uk,registered,31-Oct-2026,355,正常注册
gg.uk,registered,10-Jun-2026,212,正常注册
gh.uk,registered,10-Jun-2027,577,正常注册
gi.uk,registered,10-Jun-2032,2404,正常注册
gj.uk,registered,10-Jun-2030,1673,正常注册
gk.uk,registered,10-Jun-2027,577,正常注册
gl.uk,registered,10-Jun-2032,2404,正常注册
gm.uk,registered,08-Jul-2026,240,正常注册
gn.uk,registered,10-Jun-2026,212,正常注册
go.uk,registered,21-Jun-2026,223,正常注册
gp.uk,registered,11-Jun-2026,213,正常注册
gq.uk,registered,13-Jun-2026,215,正常注册
gr.uk,registered,28-Mar-2026,138,正常注册
gs.uk,registered,10-Jun-2032,2404,正常注册
gt.uk,registered,11-Jun-2026,213,正常注册
gu.uk,registered,10-Jul-2029,1338,正常注册
gv.uk,registered,10-Jun-2032,2404,正常注册
gw.uk,registered,10-Jun-2032,2404,正常注册
gx.uk,registered,03-Jul-2026,235,正常注册
gy.uk,registered,10-Jun-2032,2404,正常注册
gz.uk,registered,10-Jun-2032,2404,正常注册
h0.uk,registered,03-May-2026,174,正常注册
h1.uk,registered,24-Jun-2026,226,正常注册
h2.uk,registered,30-Oct-2026,354,正常注册
h3.uk,registered,24-Sep-2026,318,正常注册
h4.uk,registered,30-Oct-2026,354,正常注册
h5.uk,registered,30-Oct-2026,354,正常注册
h6.uk,registered,30-Oct-2026,354,正常注册
h7.uk,registered,30-Oct-2026,354,正常注册
h8.uk,registered,30-Oct-2026,354,正常注册
h9.uk,registered,30-Oct-2026,354,正常注册
ha.uk,registered,11-Jun-2026,213,正常注册
hb.uk,registered,08-Jul-2026,240,正常注册
hc.uk,registered,01-May-2029,1268,正常注册
hd.uk,registered,26-Mar-2027,501,正常注册
he.uk,registered,03-Sep-2026,297,正常注册
hf.uk,registered,22-Jul-2026,254,正常注册
hg.uk,registered,08-Jul-2026,240,正常注册
hh.uk,registered,24-Mar-2027,499,正常注册
hi.uk,registered,10-Jun-2032,2404,正常注册
hj.uk,registered,03-Jul-2026,235,正常注册
hk.uk,registered,18-Aug-2032,2473,正常注册
hl.uk,registered,24-Jun-2026,226,正常注册
hm.uk,registered,18-Sep-2026,312,正常注册
hn.uk,registered,27-Nov-2033,2939,正常注册
ho.uk,registered,10-Jun-2032,2404,正常注册
hp.uk,registered,23-Jun-2026,225,正常注册
hq.uk,registered,24-Mar-2026,134,正常注册
hr.uk,registered,03-Jul-2026,235,正常注册
hs.uk,registered,03-Jul-2030,1696,正常注册
ht.uk,registered,01-Apr-2032,2334,正常注册
hu.uk,registered,10-Jun-2032,2404,正常注册
hv.uk,registered,10-Jun-2032,2404,正常注册
hw.uk,expiring_soon,17-Jan-2026,68,即将到期（68天）
hx.uk,registered,30-Oct-2030,1815,正常注册
hy.uk,registered,04-Oct-2026,328,正常注册
hz.uk,registered,22-Oct-2026,346,正常注册
i0.uk,registered,03-May-2026,174,正常注册
i1.uk,registered,24-Jun-2026,226,正常注册
i2.uk,registered,03-Jul-2027,600,正常注册
i3.uk,expiring_soon,17-Jan-2026,68,即将到期（68天）
i4.uk,registered,30-Oct-2026,354,正常注册
i5.uk,registered,30-Oct-2026,354,正常注册
i6.uk,registered,30-Oct-2027,719,正常注册
i7.uk,registered,30-Oct-2026,354,正常注册
i8.uk,expiring_soon,30-Oct-2025,-11,即将到期（-11天）
i9.uk,registered,05-May-2026,176,正常注册
ia.uk,registered,25-Sep-2029,1415,正常注册
ib.uk,registered,10-Jun-2032,2404,正常注册
ic.uk,registered,12-Jun-2026,214,正常注册
id.uk,registered,30-Nov-2034,3307,正常注册
ie.uk,expiring_soon,22-Dec-2025,42,即将到期（42天）
if.uk,registered,03-Sep-2026,297,正常注册
ig.uk,registered,16-Jun-2026,218,正常注册
ih.uk,registered,11-Oct-2027,700,正常注册
ii.uk,registered,11-Jun-2026,213,正常注册
ij.uk,registered,30-Oct-2030,1815,正常注册
ik.uk,registered,25-Jun-2026,227,正常注册
il.uk,registered,16-Jun-2026,218,正常注册
im.uk,registered,03-Jul-2029,1331,正常注册
in.uk,registered,19-Sep-2026,313,正常注册
io.uk,registered,10-Jun-2026,212,正常注册
ip.uk,registered,19-Sep-2026,313,正常注册
iq.uk,expiring_soon,16-Oct-2025,-25,即将到期（-25天）
ir.uk,registered,10-Jun-2032,2404,正常注册
is.uk,registered,10-Jun-2027,577,正常注册
it.uk,registered,10-Jun-2031,2038,正常注册
iu.uk,registered,21-Sep-2031,2141,正常注册
iv.uk,registered,19-Sep-2026,313,正常注册
iw.uk,registered,10-Jun-2032,2404,正常注册
ix.uk,registered,10-Jun-2032,2404,正常注册
iy.uk,registered,30-Oct-2030,1815,正常注册
iz.uk,registered,30-Oct-2030,1815,正常注册
j0.uk,registered,03-May-2026,174,正常注册
j1.uk,registered,24-Jun-2026,226,正常注册
j2.uk,registered,30-Oct-2026,354,正常注册
j3.uk,expiring_soon,30-Oct-2025,-11,即将到期（-11天）
j4.uk,registered,05-Jul-2026,237,正常注册
j5.uk,registered,21-Dec-2034,3328,正常注册
j6.uk,registered,30-Oct-2026,354,正常注册
j7.uk,registered,09-Dec-2026,394,正常注册
j8.uk,registered,30-Oct-2026,354,正常注册
j9.uk,registered,06-Oct-2026,330,正常注册
ja.uk,registered,10-Jun-2032,2404,正常注册
jb.uk,registered,08-Jul-2026,240,正常注册
jc.uk,registered,30-Oct-2026,354,正常注册
jd.uk,registered,18-Jul-2026,250,正常注册
je.uk,registered,10-Jun-2032,2404,正常注册
jf.uk,registered,19-Aug-2026,282,正常注册
jg.uk,registered,03-Jul-2026,235,正常注册
jh.uk,registered,29-Jan-2035,3367,正常注册
ji.uk,registered,10-Jun-2032,2404,正常注册
jj.uk,registered,21-Jun-2026,223,正常注册
jk.uk,registered,03-Jul-2026,235,正常注册
jl.uk,registered,10-Jun-2032,2404,正常注册
jm.uk,registered,08-Jul-2026,240,正常注册
jn.uk,registered,19-Aug-2026,282,正常注册
jo.uk,registered,05-Aug-2026,268,正常注册
jp.uk,registered,27-Jun-2026,229,正常注册
jq.uk,registered,08-Jul-2026,240,正常注册
jr.uk,expiring_soon,31-Oct-2025,-10,即将到期（-10天）
js.uk,registered,17-Mar-2026,127,正常注册
jt.uk,registered,22-Jul-2026,254,正常注册
ju.uk,registered,08-Jul-2026,240,正常注册
jv.uk,registered,10-Jun-2032,2404,正常注册
jw.uk,registered,17-Sep-2034,3233,正常注册
jx.uk,registered,10-Jun-2032,2404,正常注册
jy.uk,registered,08-Jul-2026,240,正常注册
jz.uk,registered,08-Jul-2026,240,正常注册
k0.uk,registered,03-May-2026,174,正常注册
k1.uk,registered,24-Jun-2026,226,正常注册
k2.uk,registered,04-Jun-2026,206,正常注册
k3.uk,registered,30-Oct-2026,354,正常注册
k4.uk,expiring_soon,30-Oct-2025,-11,即将到期（-11天）
k5.uk,registered,30-Oct-2026,354,正常注册
k6.uk,registered,23-Jan-2027,439,正常注册
k7.uk,registered,30-Oct-2026,354,正常注册
k8.uk,registered,03-Jul-2026,235,正常注册
k9.uk,registered,13-Aug-2026,276,正常注册
ka.uk,registered,10-Jun-2027,577,正常注册
kb.uk,registered,10-Jun-2027,577,正常注册
kc.uk,registered,10-Jun-2026,212,正常注册
kd.uk,registered,19-Aug-2026,282,正常注册
ke.uk,registered,29-Jun-2026,231,正常注册
kf.uk,registered,10-Jun-2032,2404,正常注册
kg.uk,registered,10-Jun-2026,212,正常注册
kh.uk,registered,05-Apr-2035,3433,正常注册
ki.uk,registered,19-Aug-2029,1378,正常注册
kj.uk,registered,19-Aug-2026,282,正常注册
kk.uk,registered,19-Aug-2026,282,正常注册
kl.uk,registered,19-Aug-2026,282,正常注册
km.uk,registered,12-Oct-2031,2162,正常注册
kn.uk,registered,19-Aug-2026,282,正常注册
ko.uk,registered,10-Jun-2032,2404,正常注册
kp.uk,expiring_soon,09-Jan-2026,60,即将到期（60天）
kq.uk,registered,08-Jul-2026,240,正常注册
kr.uk,registered,17-Aug-2026,280,正常注册
ks.uk,expiring_soon,13-Jan-2026,64,即将到期（64天）
kt.uk,registered,11-Sep-2035,3592,正常注册
ku.uk,registered,19-Aug-2026,282,正常注册
kv.uk,registered,19-Aug-2026,282,正常注册
kw.uk,registered,08-Jul-2026,240,正常注册
kx.uk,registered,19-Aug-2026,282,正常注册
ky.uk,registered,10-Jun-2032,2404,正常注册
kz.uk,registered,08-Jul-2026,240,正常注册
l0.uk,registered,03-May-2026,174,正常注册
l1.uk,registered,24-Jun-2026,226,正常注册
l2.uk,registered,12-Feb-2027,459,正常注册
l3.uk,registered,10-Jun-2026,212,正常注册
l4.uk,expiring_soon,30-Oct-2025,-11,即将到期（-11天）
l5.uk,registered,10-Mar-2027,485,正常注册
l6.uk,expiring_soon,30-Oct-2025,-11,即将到期（-11天）
l7.uk,registered,30-Oct-2026,354,正常注册
l8.uk,registered,30-Oct-2026,354,正常注册
l9.uk,registered,30-Oct-2027,719,正常注册
la.uk,registered,10-Jun-2027,577,正常注册
lb.uk,registered,10-Jun-2032,2404,正常注册
lc.uk,registered,10-Jun-2027,577,正常注册
ld.uk,registered,11-Jun-2028,944,正常注册
le.uk,registered,10-Jun-2032,2404,正常注册
lf.uk,registered,25-Jun-2026,227,正常注册
lg.uk,registered,30-Jun-2026,232,正常注册
lh.uk,registered,26-Jun-2026,228,正常注册
li.uk,registered,05-Aug-2026,268,正常注册
lj.uk,registered,10-Jun-2027,577,正常注册
lk.uk,registered,24-Feb-2026,106,正常注册
ll.uk,registered,03-Sep-2026,297,正常注册
lm.uk,registered,31-Jul-2026,263,正常注册
ln.uk,registered,10-Jun-2026,212,正常注册
lo.uk,expiring_soon,07-Dec-2025,27,即将到期（27天）
lp.uk,registered,19-Sep-2026,313,正常注册
lq.uk,registered,08-Jul-2026,240,正常注册
lr.uk,registered,08-Jul-2026,240,正常注册
ls.uk,registered,13-Nov-2030,1829,正常注册
lt.uk,registered,25-Jun-2026,227,正常注册
lu.uk,registered,07-Oct-2026,331,正常注册
lv.uk,registered,12-Jun-2026,214,正常注册
lw.uk,registered,10-Jun-2027,577,正常注册
lx.uk,registered,10-Jun-2032,2404,正常注册
ly.uk,registered,10-Jun-2032,2404,正常注册
lz.uk,registered,08-Jul-2026,240,正常注册
m0.uk,registered,03-May-2026,174,正常注册
m1.uk,registered,10-Feb-2027,457,正常注册
m2.uk,registered,22-Oct-2026,346,正常注册
m3.uk,registered,22-Aug-2027,650,正常注册
m4.uk,registered,29-Mar-2026,139,正常注册
m5.uk,registered,20-Jun-2026,222,正常注册
m6.uk,registered,22-Aug-2027,650,正常注册
m7.uk,registered,09-Nov-2026,364,正常注册
m8.uk,registered,22-Jun-2027,589,正常注册
m9.uk,registered,05-Sep-2026,299,正常注册
ma.uk,registered,13-Sep-2026,307,正常注册
mb.uk,registered,29-Mar-2026,139,正常注册
mc.uk,registered,10-Jun-2026,212,正常注册
md.uk,registered,19-Sep-2026,313,正常注册
me.uk,registered,,,状态未知但已注册
mf.uk,registered,13-Sep-2026,307,正常注册
mg.uk,registered,25-Jun-2026,227,正常注册
mh.uk,registered,10-Jun-2027,577,正常注册
mi.uk,registered,23-Apr-2026,164,正常注册
mj.uk,registered,11-Jun-2026,213,正常注册
mk.uk,registered,24-Jun-2027,591,正常注册
ml.uk,registered,10-Jun-2032,2404,正常注册
mm.uk,registered,31-Oct-2026,355,正常注册
mn.uk,registered,03-Jul-2026,235,正常注册
mo.uk,expiring_soon,10-Jan-2026,61,即将到期（61天）
mp.uk,registered,18-Jun-2026,220,正常注册
mq.uk,registered,08-Jul-2026,240,正常注册
mr.uk,registered,03-Sep-2026,297,正常注册
ms.uk,registered,10-Jun-2032,2404,正常注册
mt.uk,registered,10-Jun-2027,577,正常注册
mu.uk,registered,12-Jun-2026,214,正常注册
mv.uk,registered,19-Aug-2026,282,正常注册
mw.uk,registered,08-Jul-2026,240,正常注册
mx.uk,registered,10-Jun-2032,2404,正常注册
my.uk,registered,10-Jun-2027,577,正常注册
mz.uk,registered,08-Jul-2026,240,正常注册
n0.uk,registered,28-Mar-2030,1599,正常注册
n1.uk,registered,25-Jun-2026,227,正常注册
n2.uk,registered,04-Jul-2026,236,正常注册
n3.uk,registered,19-Jun-2026,221,正常注册
n4.uk,expiring_soon,30-Oct-2025,-11,即将到期（-11天）
n5.uk,registered,30-Oct-2026,354,正常注册
n6.uk,registered,14-Feb-2027,461,正常注册
n7.uk,registered,30-Oct-2026,354,正常注册
n8.uk,registered,14-Feb-2026,96,正常注册
n9.uk,registered,02-Feb-2033,2641,正常注册
na.uk,registered,24-Jun-2026,226,正常注册
nb.uk,registered,11-Apr-2035,3439,正常注册
nc.uk,registered,10-Jun-2026,212,正常注册
nd.uk,registered,10-Mar-2026,120,正常注册
ne.uk,registered,13-Aug-2026,276,正常注册
nf.uk,registered,10-Jun-2026,212,正常注册
ng.uk,registered,10-Jun-2026,212,正常注册
nh.uk,registered,07-Jun-2026,209,正常注册
ni.uk,registered,04-Jul-2026,236,正常注册
nj.uk,registered,19-Aug-2026,282,正常注册
nk.uk,registered,25-Jun-2026,227,正常注册
nl.uk,registered,10-Jun-2032,2404,正常注册
nm.uk,registered,10-Jun-2026,212,正常注册
nn.uk,registered,10-Jun-2026,212,正常注册
no.uk,registered,07-Oct-2026,331,正常注册
np.uk,registered,19-Aug-2026,282,正常注册
nq.uk,registered,08-Jul-2026,240,正常注册
nr.uk,registered,18-Jun-2026,220,正常注册
ns.uk,registered,10-Jun-2032,2404,正常注册
nt.uk,registered,10-Jun-2027,577,正常注册
nu.uk,registered,31-Jul-2026,263,正常注册
nv.uk,registered,10-Jun-2032,2404,正常注册
nw.uk,registered,10-Jun-2032,2404,正常注册
nx.uk,registered,13-Sep-2026,307,正常注册
ny.uk,registered,10-Jun-2031,2038,正常注册
nz.uk,registered,10-Jun-2032,2404,正常注册
o0.uk,registered,03-May-2026,174,正常注册
o1.uk,registered,25-Jun-2026,227,正常注册
o2.uk,registered,10-Jun-2026,212,正常注册
o3.uk,registered,23-Jul-2026,255,正常注册
o4.uk,registered,30-Oct-2026,354,正常注册
o5.uk,registered,30-Oct-2026,354,正常注册
o6.uk,registered,30-Oct-2026,354,正常注册
o7.uk,registered,10-Jun-2026,212,正常注册
o8.uk,registered,30-Oct-2026,354,正常注册
o9.uk,registered,30-Oct-2026,354,正常注册
oa.uk,registered,10-Jun-2027,577,正常注册
ob.uk,registered,10-Jun-2027,577,正常注册
oc.uk,registered,25-Jun-2026,227,正常注册
od.uk,registered,03-Sep-2026,297,正常注册
oe.uk,registered,10-Jun-2027,577,正常注册
of.uk,registered,19-Sep-2026,313,正常注册
og.uk,registered,25-Jun-2026,227,正常注册
oh.uk,registered,10-Jun-2026,212,正常注册
oi.uk,registered,03-Oct-2026,327,正常注册
oj.uk,registered,10-Jun-2032,2404,正常注册
ok.uk,registered,21-Jun-2026,223,正常注册
ol.uk,registered,10-Jun-2027,577,正常注册
om.uk,registered,10-Jun-2026,212,正常注册
on.uk,registered,22-May-2035,3480,正常注册
oo.uk,registered,04-Nov-2026,359,正常注册
op.uk,registered,10-Jun-2027,577,正常注册
oq.uk,registered,08-Jul-2026,240,正常注册
or.uk,registered,10-Jun-2027,577,正常注册
os.uk,registered,10-Jun-2026,212,正常注册
ot.uk,registered,19-Mar-2026,129,正常注册
ou.uk,registered,23-Apr-2026,164,正常注册
ov.uk,registered,03-Sep-2026,297,正常注册
ow.uk,registered,03-Sep-2026,297,正常注册
ox.uk,registered,10-Jun-2032,2404,正常注册
oy.uk,registered,03-Sep-2026,297,正常注册
oz.uk,registered,03-Sep-2026,297,正常注册
p0.uk,registered,03-May-2026,174,正常注册
p1.uk,registered,09-Feb-2027,456,正常注册
p2.uk,registered,12-Sep-2026,306,正常注册
p3.uk,registered,12-Sep-2026,306,正常注册
p4.uk,registered,12-Sep-2026,306,正常注册
p5.uk,registered,04-Jul-2026,236,正常注册
p6.uk,registered,04-Jul-2026,236,正常注册
p7.uk,registered,30-May-2026,201,正常注册
p8.uk,expiring_soon,30-Jan-2026,81,即将到期（81天）
p9.uk,registered,12-Jun-2026,214,正常注册
pa.uk,registered,24-Jun-2026,226,正常注册
pb.uk,registered,10-Jun-2026,212,正常注册
pc.uk,registered,10-Jun-2033,2769,正常注册
pd.uk,registered,19-Aug-2026,282,正常注册
pe.uk,registered,10-Jun-2032,2404,正常注册
pf.uk,registered,13-Sep-2026,307,正常注册
pg.uk,registered,13-Jun-2026,215,正常注册
ph.uk,expiring_soon,31-Oct-2025,-10,即将到期（-10天）
pi.uk,registered,10-Jun-2032,2404,正常注册
pj.uk,registered,10-Jun-2032,2404,正常注册
pk.uk,registered,25-Jun-2026,227,正常注册
pl.uk,registered,27-Aug-2026,290,正常注册
pm.uk,registered,04-Jul-2026,236,正常注册
pn.uk,registered,10-Jun-2027,577,正常注册
po.uk,registered,19-Aug-2026,282,正常注册
pp.uk,registered,24-May-2026,195,正常注册
pq.uk,registered,19-Aug-2026,282,正常注册
pr.uk,registered,19-Sep-2026,313,正常注册
ps.uk,expiring_soon,17-Jan-2026,68,即将到期（68天）
pt.uk,registered,10-Jun-2032,2404,正常注册
pu.uk,registered,10-Jun-2032,2404,正常注册
pv.uk,registered,19-Oct-2026,343,正常注册
pw.uk,registered,08-Jul-2026,240,正常注册
px.uk,registered,22-Apr-2034,3085,正常注册
py.uk,registered,14-Jun-2026,216,正常注册
pz.uk,registered,19-Aug-2026,282,正常注册
q0.uk,registered,03-May-2026,174,正常注册
q1.uk,registered,25-Jun-2026,227,正常注册
q2.uk,expiring_soon,12-Jan-2026,63,即将到期（63天）
q3.uk,registered,12-Mar-2027,487,正常注册
q4.uk,registered,30-Oct-2026,354,正常注册
q5.uk,registered,30-Oct-2026,354,正常注册
q6.uk,registered,30-Oct-2026,354,正常注册
q7.uk,registered,30-Oct-2026,354,正常注册
q8.uk,registered,07-Oct-2027,696,正常注册
q9.uk,registered,30-Oct-2026,354,正常注册
qa.uk,registered,16-Jun-2026,218,正常注册
qb.uk,registered,19-Aug-2026,282,正常注册
qc.uk,registered,10-Jun-2032,2404,正常注册
qd.uk,registered,28-Nov-2026,383,正常注册
qe.uk,registered,10-Jun-2032,2404,正常注册
qf.uk,registered,10-Jun-2032,2404,正常注册
qg.uk,registered,08-Jul-2026,240,正常注册
qh.uk,registered,10-May-2031,2007,正常注册
qi.uk,registered,10-Jun-2032,2404,正常注册
qj.uk,registered,08-Jul-2026,240,正常注册
qk.uk,registered,08-Jul-2026,240,正常注册
ql.uk,registered,08-Jul-2026,240,正常注册
qm.uk,registered,10-Jun-2032,2404,正常注册
qn.uk,registered,08-Jul-2026,240,正常注册
qo.uk,registered,19-Aug-2026,282,正常注册
qp.uk,registered,10-Jun-2032,2404,正常注册
qq.uk,registered,25-Jun-2026,227,正常注册
qr.uk,registered,10-Jun-2032,2404,正常注册
qs.uk,registered,10-Jun-2032,2404,正常注册
qt.uk,registered,10-Jun-2032,2404,正常注册
qu.uk,registered,19-Aug-2026,282,正常注册
qv.uk,registered,08-Jul-2026,240,正常注册
qw.uk,registered,08-Jul-2026,240,正常注册
qx.uk,registered,10-Jun-2027,577,正常注册
qy.uk,registered,08-Jul-2026,240,正常注册
qz.uk,registered,08-Jul-2026,240,正常注册
r0.uk,registered,03-May-2026,174,正常注册
r1.uk,registered,25-Jun-2026,227,正常注册
r2.uk,registered,28-Feb-2026,110,正常注册
r3.uk,registered,30-Oct-2026,354,正常注册
r4.uk,registered,30-Oct-2027,719,正常注册
r5.uk,registered,30-Oct-2026,354,正常注册
r6.uk,registered,30-Oct-2026,354,正常注册
r7.uk,registered,30-Oct-2026,354,正常注册
r8.uk,expiring_soon,25-Nov-2025,15,即将到期（15天）
r9.uk,registered,30-Oct-2026,354,正常注册
ra.uk,registered,10-Jun-2027,577,正常注册
rb.uk,registered,24-Jun-2026,226,正常注册
rc.uk,registered,05-Apr-2035,3433,正常注册
rd.uk,registered,19-Aug-2026,282,正常注册
re.uk,registered,10-Jun-2027,577,正常注册
rf.uk,registered,10-Jun-2032,2404,正常注册
rg.uk,registered,10-Jun-2027,577,正常注册
rh.uk,registered,10-Jun-2026,212,正常注册
ri.uk,registered,10-Jun-2026,212,正常注册
rj.uk,registered,19-Aug-2026,282,正常注册
rk.uk,registered,10-Jun-2027,577,正常注册
rl.uk,registered,03-Oct-2026,327,正常注册
rm.uk,registered,09-May-2026,180,正常注册
rn.uk,registered,25-Jun-2026,227,正常注册
ro.uk,registered,10-Jun-2027,577,正常注册
rp.uk,registered,10-Jun-2027,577,正常注册
rq.uk,registered,10-Jun-2032,2404,正常注册
rr.uk,registered,08-Jul-2026,240,正常注册
rs.uk,registered,21-Jun-2026,223,正常注册
rt.uk,registered,16-Jun-2034,3140,正常注册
ru.uk,registered,10-Jun-2032,2404,正常注册
rv.uk,registered,10-Jun-2032,2404,正常注册
rw.uk,registered,24-Jun-2026,226,正常注册
rx.uk,registered,10-Jun-2032,2404,正常注册
ry.uk,registered,10-Jun-2032,2404,正常注册
rz.uk,registered,08-Jul-2026,240,正常注册
s0.uk,registered,04-Jul-2026,236,正常注册
s1.uk,registered,30-Jun-2026,232,正常注册
s2.uk,registered,03-Jun-2026,205,正常注册
s3.uk,registered,04-Jul-2026,236,正常注册
s4.uk,registered,30-Oct-2027,719,正常注册
s5.uk,registered,30-Oct-2026,354,正常注册
s6.uk,registered,04-Jul-2026,236,正常注册
s7.uk,registered,26-Jan-2027,442,正常注册
s8.uk,registered,15-Aug-2026,278,正常注册
s9.uk,registered,30-Oct-2026,354,正常注册
sa.uk,registered,10-Jun-2027,577,正常注册
sb.uk,registered,10-Jun-2032,2404,正常注册
sc.uk,registered,10-Jun-2032,2404,正常注册
sd.uk,registered,14-Jun-2026,216,正常注册
se.uk,expiring_soon,24-Nov-2025,14,即将到期（14天）
sf.uk,registered,11-Jun-2026,213,正常注册
sg.uk,registered,05-Aug-2026,268,正常注册
sh.uk,registered,08-Jul-2029,1336,正常注册
si.uk,registered,04-Jul-2026,236,正常注册
sj.uk,registered,11-Jun-2030,1674,正常注册
sk.uk,registered,10-Jun-2027,577,正常注册
sl.uk,registered,10-Jun-2032,2404,正常注册
sm.uk,registered,14-Sep-2026,308,正常注册
sn.uk,registered,10-Jun-2026,212,正常注册
so.uk,registered,10-Jun-2032,2404,正常注册
sp.uk,registered,03-Sep-2026,297,正常注册
sq.uk,registered,10-Jun-2027,577,正常注册
sr.uk,registered,14-Aug-2026,277,正常注册
ss.uk,registered,02-May-2026,173,正常注册
st.uk,registered,16-Jun-2026,218,正常注册
su.uk,registered,06-Nov-2030,1822,正常注册
sv.uk,registered,03-Sep-2026,297,正常注册
sw.uk,registered,17-Sep-2026,311,正常注册
sx.uk,expiring_soon,30-Oct-2025,-11,即将到期（-11天）
sy.uk,registered,21-Oct-2026,345,正常注册
sz.uk,registered,10-Jun-2032,2404,正常注册
t0.uk,registered,03-May-2026,174,正常注册
t1.uk,registered,06-Sep-2026,300,正常注册
t2.uk,suspended,23-Sep-2025,-48,已暂停，可能即将删除
t3.uk,registered,04-Oct-2026,328,正常注册
t4.uk,registered,30-Oct-2026,354,正常注册
t5.uk,registered,05-Jul-2026,237,正常注册
t6.uk,registered,30-Oct-2026,354,正常注册
t7.uk,registered,23-Jul-2026,255,正常注册
t8.uk,registered,30-Oct-2026,354,正常注册
t9.uk,registered,30-Oct-2026,354,正常注册
ta.uk,registered,03-Sep-2026,297,正常注册
tb.uk,registered,16-Jun-2034,3140,正常注册
tc.uk,registered,11-Aug-2029,1370,正常注册
td.uk,registered,20-Feb-2027,467,正常注册
te.uk,registered,05-Jul-2026,237,正常注册
tf.uk,registered,10-Jun-2027,577,正常注册
tg.uk,registered,10-Jun-2026,212,正常注册
th.uk,registered,03-Sep-2026,297,正常注册
ti.uk,registered,08-Oct-2026,332,正常注册
tj.uk,registered,03-Sep-2026,297,正常注册
tk.uk,registered,19-Aug-2026,282,正常注册
tl.uk,registered,19-Aug-2026,282,正常注册
tm.uk,registered,10-Jun-2032,2404,正常注册
tn.uk,registered,19-Aug-2026,282,正常注册
to.uk,registered,19-Aug-2026,282,正常注册
tp.uk,suspended,28-Sep-2025,-43,已暂停，可能即将删除
tq.uk,expiring_soon,16-Jan-2026,67,即将到期（67天）
tr.uk,registered,30-Mar-2026,140,正常注册
ts.uk,registered,22-Apr-2030,1624,正常注册
tt.uk,registered,23-Oct-2034,3269,正常注册
tu.uk,registered,10-Jun-2026,212,正常注册
tv.uk,suspended,19-Jun-2026,221,已暂停，可能即将删除
tw.uk,registered,05-Jul-2026,237,正常注册
tx.uk,registered,30-Oct-2030,1815,正常注册
ty.uk,registered,19-Aug-2026,282,正常注册
tz.uk,registered,10-Jun-2032,2404,正常注册
u0.uk,registered,03-May-2026,174,正常注册
u1.uk,registered,25-Jun-2026,227,正常注册
u2.uk,registered,23-Aug-2027,651,正常注册
u3.uk,registered,30-Oct-2026,354,正常注册
u4.uk,registered,30-Oct-2026,354,正常注册
u5.uk,registered,17-Jul-2026,249,正常注册
u6.uk,registered,30-Oct-2026,354,正常注册
u7.uk,registered,30-Oct-2026,354,正常注册
u8.uk,registered,30-Oct-2026,354,正常注册
u9.uk,registered,30-Oct-2026,354,正常注册
ua.uk,registered,24-Apr-2026,165,正常注册
ub.uk,registered,16-Oct-2026,340,正常注册
uc.uk,registered,25-Jun-2026,227,正常注册
ud.uk,registered,10-Jun-2032,2404,正常注册
ue.uk,registered,10-Jun-2027,577,正常注册
uf.uk,registered,25-Jun-2026,227,正常注册
ug.uk,registered,19-Aug-2026,282,正常注册
uh.uk,registered,10-Jun-2029,1308,正常注册
ui.uk,registered,19-Aug-2027,647,正常注册
uj.uk,registered,02-May-2030,1634,正常注册
uk.uk,parse_error,,,无法解析域名
ul.uk,registered,19-Aug-2026,282,正常注册
um.uk,registered,10-Jun-2027,577,正常注册
un.uk,registered,10-Jun-2032,2404,正常注册
uo.uk,registered,13-Jun-2026,215,正常注册
up.uk,registered,20-Nov-2033,2932,正常注册
uq.uk,registered,10-Jun-2032,2404,正常注册
ur.uk,registered,10-Jun-2035,3499,正常注册
us.uk,registered,10-Jun-2032,2404,正常注册
ut.uk,registered,25-Jun-2026,227,正常注册
uu.uk,registered,10-Jun-2026,212,正常注册
uv.uk,registered,10-Jun-2028,943,正常注册
uw.uk,registered,10-Jun-2031,2038,正常注册
ux.uk,registered,10-Jun-2027,577,正常注册
uy.uk,registered,10-Jun-2032,2404,正常注册
uz.uk,registered,10-Jun-2032,2404,正常注册
v0.uk,registered,03-May-2026,174,正常注册
v1.uk,registered,25-Jun-2026,227,正常注册
v2.uk,registered,15-Mar-2027,490,正常注册
v3.uk,expiring_soon,27-Jan-2026,78,即将到期（78天）
v4.uk,registered,05-Jul-2026,237,正常注册
v5.uk,registered,02-Jul-2026,234,正常注册
v6.uk,registered,05-Jul-2026,237,正常注册
v7.uk,registered,30-Oct-2026,354,正常注册
v8.uk,registered,23-Aug-2027,651,正常注册
v9.uk,registered,30-Oct-2026,354,正常注册
va.uk,expiring_soon,03-Feb-2026,85,即将到期（85天）
vb.uk,registered,14-Jun-2026,216,正常注册
vc.uk,registered,10-Jun-2032,2404,正常注册
vd.uk,registered,10-Jun-2027,577,正常注册
ve.uk,registered,10-Jun-2032,2404,正常注册
vf.uk,registered,10-Jun-2032,2404,正常注册
vg.uk,registered,10-Jun-2032,2404,正常注册
vh.uk,registered,08-Jul-2026,240,正常注册
vi.uk,registered,15-Sep-2026,309,正常注册
vj.uk,registered,08-Jul-2026,240,正常注册
vk.uk,registered,10-Jun-2032,2404,正常注册
vl.uk,registered,05-Jul-2035,3524,正常注册
vm.uk,registered,10-Jun-2032,2404,正常注册
vn.uk,registered,10-Jun-2032,2404,正常注册
vo.uk,registered,10-Jun-2027,577,正常注册
vp.uk,registered,12-Jun-2026,214,正常注册
vq.uk,registered,04-Feb-2031,1912,正常注册
vr.uk,registered,10-Jun-2032,2404,正常注册
vs.uk,registered,10-Jun-2026,212,正常注册
vt.uk,registered,08-Jul-2026,240,正常注册
vu.uk,registered,29-May-2027,565,正常注册
vv.uk,registered,10-Jun-2026,212,正常注册
vw.uk,registered,19-Jun-2027,586,正常注册
vx.uk,registered,30-Oct-2030,1815,正常注册
vy.uk,registered,10-Jun-2032,2404,正常注册
vz.uk,registered,10-Jun-2032,2404,正常注册
w0.uk,registered,03-May-2026,174,正常注册
w1.uk,registered,25-Jun-2026,227,正常注册
w2.uk,registered,23-Jul-2026,255,正常注册
w3.uk,registered,12-Jun-2026,214,正常注册
w4.uk,registered,23-Feb-2026,105,正常注册
w5.uk,expiring_soon,02-Feb-2026,84,即将到期（84天）
w6.uk,expiring_soon,30-Oct-2025,-11,即将到期（-11天）
w7.uk,expiring_soon,30-Oct-2025,-11,即将到期（-11天）
w8.uk,registered,27-Oct-2026,351,正常注册
w9.uk,registered,05-Jun-2026,207,正常注册
wa.uk,registered,24-Jun-2026,226,正常注册
wb.uk,registered,03-Sep-2026,297,正常注册
wc.uk,registered,30-Oct-2030,1815,正常注册
wd.uk,registered,05-May-2026,176,正常注册
we.uk,registered,10-Jun-2032,2404,正常注册
wf.uk,registered,19-Jun-2032,2413,正常注册
wg.uk,registered,25-Jun-2026,227,正常注册
wh.uk,registered,10-Jun-2032,2404,正常注册
wi.uk,registered,10-Jun-2032,2404,正常注册
wj.uk,registered,11-Jun-2026,213,正常注册
wk.uk,registered,10-Jun-2032,2404,正常注册
wl.uk,registered,10-Jun-2032,2404,正常注册
wm.uk,registered,13-Jun-2026,215,正常注册
wn.uk,registered,03-Sep-2026,297,正常注册
wo.uk,registered,10-Jun-2032,2404,正常注册
wp.uk,registered,10-Jun-2032,2404,正常注册
wq.uk,registered,10-Jun-2032,2404,正常注册
wr.uk,registered,08-Jul-2026,240,正常注册
ws.uk,registered,10-Jun-2032,2404,正常注册
wt.uk,registered,03-Sep-2026,297,正常注册
wu.uk,registered,10-Jun-2030,1673,正常注册
wv.uk,registered,10-Jun-2032,2404,正常注册
ww.uk,registered,10-Jun-2031,2038,正常注册
wx.uk,registered,30-Oct-2030,1815,正常注册
wy.uk,registered,15-May-2027,551,正常注册
wz.uk,registered,10-Jun-2032,2404,正常注册
x0.uk,registered,03-May-2026,174,正常注册
x1.uk,registered,25-Jun-2026,227,正常注册
x2.uk,registered,06-Sep-2026,300,正常注册
x3.uk,registered,30-Oct-2026,354,正常注册
x4.uk,registered,30-Oct-2026,354,正常注册
x5.uk,registered,30-Oct-2026,354,正常注册
x6.uk,expiring_soon,30-Oct-2025,-11,即将到期（-11天）
x7.uk,registered,30-Oct-2026,354,正常注册
x8.uk,registered,30-Oct-2026,354,正常注册
x9.uk,registered,30-Oct-2032,2546,正常注册
xa.uk,registered,10-Jun-2032,2404,正常注册
xb.uk,registered,10-Jun-2032,2404,正常注册
xc.uk,registered,25-Jun-2026,227,正常注册
xd.uk,registered,10-Jun-2032,2404,正常注册
xe.uk,registered,10-Jun-2032,2404,正常注册
xf.uk,registered,10-Jun-2032,2404,正常注册
xg.uk,registered,19-Aug-2026,282,正常注册
xh.uk,registered,10-Jun-2032,2404,正常注册
xi.uk,registered,10-Jun-2027,577,正常注册
xj.uk,registered,18-Mar-2029,1224,正常注册
xk.uk,registered,10-Jun-2032,2404,正常注册
xl.uk,registered,16-Jun-2026,218,正常注册
xm.uk,registered,10-Jun-2031,2038,正常注册
xn.uk,registered,10-Jun-2032,2404,正常注册
xo.uk,registered,10-Jun-2027,577,正常注册
xp.uk,registered,10-Jun-2027,577,正常注册
xq.uk,registered,10-Jun-2032,2404,正常注册
xr.uk,registered,10-Jun-2032,2404,正常注册
xs.uk,registered,10-Jan-2027,426,正常注册
xt.uk,registered,10-Jun-2032,2404,正常注册
xu.uk,registered,10-Jun-2030,1673,正常注册
xv.uk,registered,10-Jun-2027,577,正常注册
xw.uk,registered,10-Jun-2032,2404,正常注册
xx.uk,registered,10-Jun-2027,577,正常注册
xy.uk,registered,10-Jun-2027,577,正常注册
xz.uk,registered,10-Jun-2032,2404,正常注册
y0.uk,registered,03-May-2026,174,正常注册
y1.uk,registered,25-Jun-2026,227,正常注册
y2.uk,registered,03-May-2026,174,正常注册
y3.uk,registered,30-Oct-2029,1450,正常注册
y4.uk,registered,30-Oct-2027,719,正常注册
y5.uk,registered,30-Oct-2026,354,正常注册
y6.uk,registered,30-Oct-2026,354,正常注册
y7.uk,expiring_soon,30-Oct-2025,-11,即将到期（-11天）
y8.uk,registered,30-Oct-2029,1450,正常注册
y9.uk,registered,30-Oct-2026,354,正常注册
ya.uk,registered,25-Jun-2028,958,正常注册
yb.uk,registered,10-Jun-2027,577,正常注册
yc.uk,registered,10-Jun-2027,577,正常注册
yd.uk,registered,10-Jun-2026,212,正常注册
ye.uk,registered,08-Oct-2026,332,正常注册
yf.uk,registered,10-Jun-2032,2404,正常注册
yg.uk,registered,10-Jun-2032,2404,正常注册
yh.uk,registered,10-Jun-2032,2404,正常注册
yi.uk,registered,10-Jun-2026,212,正常注册
yj.uk,registered,10-Jun-2032,2404,正常注册
yk.uk,registered,10-Jun-2032,2404,正常注册
yl.uk,registered,10-Jun-2032,2404,正常注册
ym.uk,registered,10-Jun-2032,2404,正常注册
yn.uk,registered,10-Jun-2032,2404,正常注册
yo.uk,registered,25-Jun-2027,592,正常注册
yp.uk,registered,05-Jul-2026,237,正常注册
yq.uk,registered,10-Jun-2032,2404,正常注册
yr.uk,registered,10-Jun-2032,2404,正常注册
ys.uk,registered,30-Mar-2026,140,正常注册
yt.uk,registered,18-Mar-2026,128,正常注册
yu.uk,registered,10-Jun-2030,1673,正常注册
yv.uk,registered,10-Jun-2032,2404,正常注册
yw.uk,registered,29-Jul-2026,261,正常注册
yx.uk,registered,30-Oct-2030,1815,正常注册
yy.uk,registered,10-Jun-2027,577,正常注册
yz.uk,registered,10-Jun-2032,2404,正常注册
z0.uk,registered,03-May-2026,174,正常注册
z1.uk,registered,25-Jun-2026,227,正常注册
z2.uk,registered,17-Jun-2026,219,正常注册
z3.uk,registered,23-Nov-2032,2570,正常注册
z4.uk,registered,24-Jun-2026,226,正常注册
z5.uk,registered,20-May-2026,191,正常注册
z6.uk,registered,10-Jun-2027,577,正常注册
z7.uk,registered,05-Jul-2026,237,正常注册
z8.uk,registered,27-Oct-2027,716,正常注册
z9.uk,registered,30-Oct-2026,354,正常注册
za.uk,registered,10-Jun-2032,2404,正常注册
zb.uk,registered,10-Jun-2032,2404,正常注册
zc.uk,registered,10-Jun-2032,2404,正常注册
zd.uk,registered,03-Sep-2026,297,正常注册
ze.uk,registered,26-Mar-2026,136,正常注册
zf.uk,registered,24-Jun-2026,226,正常注册
zg.uk,registered,10-Jun-2030,1673,正常注册
zh.uk,registered,10-Jun-2032,2404,正常注册
zi.uk,registered,10-Jun-2032,2404,正常注册
zj.uk,registered,10-Jun-2032,2404,正常注册
zk.uk,registered,03-Sep-2026,297,正常注册
zl.uk,registered,10-Jun-2032,2404,正常注册
zm.uk,registered,03-Sep-2026,297,正常注册
zn.uk,registered,10-Jun-2032,2404,正常注册
zo.uk,registered,10-Jun-2032,2404,正常注册
zp.uk,registered,10-Jun-2032,2404,正常注册
zq.uk,registered,10-Jun-2032,2404,正常注册
zr.uk,registered,10-Jun-2032,2404,正常注册
zs.uk,registered,10-Jun-2032,2404,正常注册
zt.uk,registered,10-Jun-2032,2404,正常注册
zu.uk,registered,03-Sep-2026,297,正常注册
zv.uk,registered,10-Jun-2032,2404,正常注册
zw.uk,registered,10-Jun-2032,2404,正常注册
zx.uk,registered,30-Oct-2030,1815,正常注册
zy.uk,registered,14-Jul-2026,246,正常注册
zz.uk,registered,05-Jul-2035,3524,正常注册
